{
 "analysis":{
   "authors":"Sergei L Kosakovsky Pond, Ben Murrell, Steven Weaver and Temple iGEM / UCSD viral evolution group",
   "citation":"Less Is More: An Adaptive Branch-Site Random Effects Model for Efficient Detection of Episodic Diversifying Selection (2015). Mol Biol Evol 32 (5): 1342-1353. v2.2 adds support for multiple-hit models",
   "contact":"spond@temple.edu",
   "info":"aBSREL (Adaptive branch-site random effects likelihood)\n                            uses an adaptive random effects branch-site model framework\n                            to test whether each branch has evolved under positive selection,\n                            using a procedure which infers an optimal number of rate categories per branch.",
   "requirements":"in-frame codon alignment and a phylogenetic tree",
   "version":"2.2"
  },
 "branch attributes":{
   "0":{
     "Amblyraja_radiata":{
       "Baseline MG94xREV":0.5552148239050505,
       "Baseline MG94xREV omega ratio":0.2604448680320557,
       "Corrected P-value":0.3731231861692049,
       "Full adaptive model":666.4161153445629,
       "Full adaptive model (non-synonymous subs/site)":666.1569275656944,
       "Full adaptive model (synonymous subs/site)":0.2591877788684079,
       "LRT":2.790815463893523,
       "Nucleotide GTR":0.4248334643393738,
       "Rate Distributions":        [
[0, 0.4403997449000323],
        [0.585405273320461, 0.4606603308448362],
        [9090.000000003736, 0.0989399242551315] 
        ],
       "Rate classes":3,
       "Uncorrected P-value":0.09328079654230123,
       "original name":"Amblyraja_radiata"
      },
     "Carcharodon_carcharias":{
       "Baseline MG94xREV":0.1267669370912342,
       "Baseline MG94xREV omega ratio":0.5814163350628229,
       "Corrected P-value":8.763133674827284e-05,
       "Full adaptive model":22.39734988809323,
       "Full adaptive model (non-synonymous subs/site)":22.35949900995692,
       "Full adaptive model (synonymous subs/site)":0.03785087813631264,
       "LRT":20.3822571847777,
       "Nucleotide GTR":0.1233035655987587,
       "Rate Distributions":        [
[0.4280861333918705, 0.9463640541204404],
        [3847.530319680883, 0.05363594587955955] 
        ],
       "Rate classes":2,
       "Uncorrected P-value":1.251876239261041e-05,
       "original name":"Carcharodon_carcharias"
      },
     "Hemiscyllium_ocellatum":{
       "Baseline MG94xREV":0.1591999982615449,
       "Baseline MG94xREV omega ratio":0.3971596855827448,
       "Corrected P-value":1,
       "Full adaptive model":0.1592395415879268,
       "Full adaptive model (non-synonymous subs/site)":0.100787847917805,
       "Full adaptive model (synonymous subs/site)":0.05845169367012176,
       "LRT":0.3825742591907328,
       "Nucleotide GTR":0.1445575808433427,
       "Rate Distributions":        [
[0, 0.5409726679245075],
        [1.314849840069725, 0.4590273320754925] 
        ],
       "Rate classes":2,
       "Uncorrected P-value":0.3550143737765928,
       "original name":"Hemiscyllium_ocellatum"
      },
     "Latimeria_chalumnae":{
       "Baseline MG94xREV":1.05317803476549,
       "Baseline MG94xREV omega ratio":0.1314646282335414,
       "Corrected P-value":1,
       "Full adaptive model":1.139613457351435,
       "Full adaptive model (non-synonymous subs/site)":0.4619314904390758,
       "Full adaptive model (synonymous subs/site)":0.6776819669123593,
       "LRT":0,
       "Nucleotide GTR":0.5612791506254475,
       "Rate Distributions":        [
[0.05435575024628352, 0.6821449380898945],
        [0.6339781595686838, 0.3178550619101055] 
        ],
       "Rate classes":2,
       "Uncorrected P-value":1,
       "original name":"Latimeria_chalumnae"
      },
     "Node1":{
       "Baseline MG94xREV":0.117036074185167,
       "Baseline MG94xREV omega ratio":0.7500216808624984,
       "Corrected P-value":0.001599726751605912,
       "Full adaptive model":0.7215410559242499,
       "Full adaptive model (non-synonymous subs/site)":0.7102926511268142,
       "Full adaptive model (synonymous subs/site)":0.01124840479743574,
       "LRT":14.30008247163641,
       "Nucleotide GTR":0.1144829676620773,
       "Rate Distributions":        [
[1, 0.9285315470616212],
        [296.2762743408447, 0.07146845293837878] 
        ],
       "Rate classes":2,
       "Uncorrected P-value":0.000266621125267652
      },
     "Node3":{
       "Baseline MG94xREV":0.08769167202421689,
       "Baseline MG94xREV omega ratio":0.126350811063769,
       "Corrected P-value":1,
       "Full adaptive model":0.1049283105256647,
       "Full adaptive model (non-synonymous subs/site)":0.02082880744082244,
       "Full adaptive model (synonymous subs/site)":0.08409950308484215,
       "LRT":0,
       "Nucleotide GTR":0.07557867521870448,
       "Rate Distributions":        [
[0.08669111853767762, 1] 
        ],
       "Rate classes":1,
       "Uncorrected P-value":1
      },
     "Scyliorhinus_canicula":{
       "Baseline MG94xREV":0.1787812073738141,
       "Baseline MG94xREV omega ratio":0.4663351840451661,
       "Corrected P-value":0.1366820023066417,
       "Full adaptive model":0.2173440126193449,
       "Full adaptive model (non-synonymous subs/site)":0.1417340639085665,
       "Full adaptive model (synonymous subs/site)":0.07560994871077834,
       "LRT":5.161310729155957,
       "Nucleotide GTR":0.1735047774359479,
       "Rate Distributions":        [
[0.1408730024930544, 0.8074065942926132],
        [2.816305432296778, 0.1925934057073868] 
        ],
       "Rate classes":2,
       "Uncorrected P-value":0.02733640046132835,
       "original name":"Scyliorhinus_canicula"
      }
    },
   "attributes":{
     "Baseline MG94xREV":{
       "attribute type":"branch length",
       "display order":1
      },
     "Baseline MG94xREV omega ratio":{
       "attribute type":"branch label",
       "display order":1
      },
     "Corrected P-value":{
       "attribute type":"branch label",
       "display order":6
      },
     "Full adaptive model":{
       "attribute type":"branch length",
       "display order":2
      },
     "Full adaptive model (non-synonymous subs/site)":{
       "attribute type":"branch label",
       "display order":10
      },
     "Full adaptive model (synonymous subs/site)":{
       "attribute type":"branch label",
       "display order":9
      },
     "LRT":{
       "attribute type":"branch label",
       "display order":4
      },
     "Nucleotide GTR":{
       "attribute type":"branch length",
       "display order":0
      },
     "Rate Distributions":{
       "attribute type":"branch label",
       "display order":3
      },
     "Rate classes":{
       "attribute type":"branch label",
       "display order":2
      },
     "Uncorrected P-value":{
       "attribute type":"branch label",
       "display order":5
      },
     "original name":{
       "attribute type":"node label",
       "display order":-1
      }
    }
  },