{
 "analysis":{
   "authors":"Sergei L Kosakovsky Pond, Ben Murrell, Steven Weaver and Temple iGEM / UCSD viral evolution group",
   "citation":"Less Is More: An Adaptive Branch-Site Random Effects Model for Efficient Detection of Episodic Diversifying Selection (2015). Mol Biol Evol 32 (5): 1342-1353. v2.2 adds support for multiple-hit models",
   "contact":"spond@temple.edu",
   "info":"aBSREL (Adaptive branch-site random effects likelihood)\n                            uses an adaptive random effects branch-site model framework\n                            to test whether each branch has evolved under positive selection,\n                            using a procedure which infers an optimal number of rate categories per branch.",
   "requirements":"in-frame codon alignment and a phylogenetic tree",
   "version":"2.2"
  },
 "branch attributes":{
   "0":{
     "Condylura_cristata":{
       "Baseline MG94xREV":0.1185404967957547,
       "Baseline MG94xREV omega ratio":0.8227148013781794,
       "Corrected P-value":0.002940786682692931,
       "Full adaptive model":0.1447161864598788,
       "Full adaptive model (non-synonymous subs/site)":0.1107138578428802,
       "Full adaptive model (synonymous subs/site)":0.03400232861699858,
       "LRT":14.46747485065498,
       "Nucleotide GTR":0.1180725744799234,
       "Rate Distributions":        [
[0.2706335467874318, 0.8170968693393452],
        [5.08050756779617, 0.1829031306606548] 
        ],
       "Rate classes":2,
       "Uncorrected P-value":0.0002450655568910776,
       "original name":"Condylura_cristata"
      },
     "Erinaceus_europaeus":{
       "Baseline MG94xREV":0.2079086838944102,
       "Baseline MG94xREV omega ratio":0.2090364666502326,
       "Corrected P-value":0.4564190976730609,
       "Full adaptive model":0.2476486554511116,
       "Full adaptive model (non-synonymous subs/site)":0.1238810761105014,
       "Full adaptive model (synonymous subs/site)":0.1237675793406102,
       "LRT":2.40859720147273,
       "Nucleotide GTR":0.1871716076028557,
       "Rate Distributions":        [
[0, 0.7704365330519284],
        [1.540427430760911, 0.2295634669480716] 
        ],
       "Rate classes":2,
       "Uncorrected P-value":0.1141047744182652,
       "original name":"Erinaceus_europaeus"
      },
     "Galemys_pyrenaicus":{
       "Baseline MG94xREV":0.07270895313563401,
       "Baseline MG94xREV omega ratio":0.7789824058025451,
       "Corrected P-value":0.1277822536970555,
       "Full adaptive model":0.08430725720747852,
       "Full adaptive model (non-synonymous subs/site)":0.06186865959015625,
       "Full adaptive model (synonymous subs/site)":0.02243859761732228,
       "LRT":5.292655425975681,
       "Nucleotide GTR":0.0725099945087142,
       "Rate Distributions":        [
[0.5361430336912386, 0.9501611022049349],
        [9.324378977871426, 0.04983889779506512] 
        ],
       "Rate classes":2,
       "Uncorrected P-value":0.0255564507394111,
       "original name":"Galemys_pyrenaicus"
      },
     "Node11":{
       "Baseline MG94xREV":0.007308917690161905,
       "Baseline MG94xREV omega ratio":0.5373914279770289,
       "Corrected P-value":1,
       "Full adaptive model":0.006929389250381997,
       "Full adaptive model (non-synonymous subs/site)":0.003605667775071937,
       "Full adaptive model (synonymous subs/site)":0.003323721475310058,
       "LRT":0,
       "Nucleotide GTR":0.00707903805259655,
       "Rate Distributions":        [
[0.3832719459419989, 1] 
        ],
       "Rate classes":1,
       "Uncorrected P-value":1
      },
     "Node2":{
       "Baseline MG94xREV":0.02378513850516587,
       "Baseline MG94xREV omega ratio":0.973517450624254,
       "Corrected P-value":1,
       "Full adaptive model":0.02199459181545682,
       "Full adaptive model (non-synonymous subs/site)":0.01404585022238595,
       "Full adaptive model (synonymous subs/site)":0.007948741593070869,
       "LRT":0,
       "Nucleotide GTR":0.02776516430867245,
       "Rate Distributions":        [
[0.6243032571105035, 1] 
        ],
       "Rate classes":1,
       "Uncorrected P-value":1
      },
     "Node5":{
       "Baseline MG94xREV":0.05606127357038685,
       "Baseline MG94xREV omega ratio":0.2679773973583476,
       "Corrected P-value":0.02138138837011555,
       "Full adaptive model":0.07347938999068239,
       "Full adaptive model (non-synonymous subs/site)":0.04310647831425563,
       "Full adaptive model (synonymous subs/site)":0.03037291167642677,
       "LRT":9.965372957489308,
       "Nucleotide GTR":0.05543254305445747,
       "Rate Distributions":        [
[0, 0.9209310205757842],
        [6.341557425465051, 0.07906897942421576] 
        ],
       "Rate classes":2,
       "Uncorrected P-value":0.002375709818901728
      },
     "Node7":{
       "Baseline MG94xREV":0.03380763695166392,
       "Baseline MG94xREV omega ratio":0.6898806070599385,
       "Corrected P-value":1,
       "Full adaptive model":0.03142566408919999,
       "Full adaptive model (non-synonymous subs/site)":0.01946926350568027,
       "Full adaptive model (synonymous subs/site)":0.01195640058351974,
       "LRT":0,
       "Nucleotide GTR":0.03344599424561204,
       "Rate Distributions":        [
[0.5753008456390781, 1] 
        ],
       "Rate classes":1,
       "Uncorrected P-value":1
      },
     "Node9":{
       "Baseline MG94xREV":0.0178934531568486,
       "Baseline MG94xREV omega ratio":1.237875632470842,
       "Corrected P-value":0.01051940842056398,
       "Full adaptive model":0.02525499710984481,
       "Full adaptive model (non-synonymous subs/site)":0.02162152560510942,
       "Full adaptive model (synonymous subs/site)":0.003633471504735386,
       "LRT":11.57770813255047,
       "Nucleotide GTR":0.01835587484458895,
       "Rate Distributions":        [
[0, 0.9560499435058423],
        [47.83558444281643, 0.04395005649415773] 
        ],
       "Rate classes":2,
       "Uncorrected P-value":0.001051940842056398
      },
     "Scalopus_aquaticus":{
       "Baseline MG94xREV":0.06478210256213228,
       "Baseline MG94xREV omega ratio":0.7075509905661141,
       "Corrected P-value":0.02068735486891793,
       "Full adaptive model":0.07561751233746135,
       "Full adaptive model (non-synonymous subs/site)":0.0544268694987674,
       "Full adaptive model (synonymous subs/site)":0.02119064283869397,
       "LRT":9.79776623637008,
       "Nucleotide GTR":0.06448812589889419,
       "Rate Distributions":        [
[0, 0.7843230461753978],
        [4.207377006548601, 0.2156769538246022] 
        ],
       "Rate classes":2,
       "Uncorrected P-value":0.002585919358614741,
       "original name":"Scalopus_aquaticus"
      },
     "Solenodon_paradoxus":{
       "Baseline MG94xREV":0.1508481411971444,
       "Baseline MG94xREV omega ratio":0.4993743075909013,
       "Corrected P-value":0.1405728279122054,
       "Full adaptive model":0.1769764427168619,
       "Full adaptive model (non-synonymous subs/site)":0.1160822954104091,
       "Full adaptive model (synonymous subs/site)":0.06089414730645274,
       "LRT":5.462358794840839,
       "Nucleotide GTR":0.1444404503132576,
       "Rate Distributions":        [
[0, 0.6642833278637849],
        [2.006150316888346, 0.3357166721362151] 
        ],
       "Rate classes":2,
       "Uncorrected P-value":0.02342880465203423,
       "original name":"Solenodon_paradoxus"
      },
     "Sorex_araneus":{
       "Baseline MG94xREV":0.205106626281009,
       "Baseline MG94xREV omega ratio":0.441856265305593,
       "Corrected P-value":0.009821615070459255,
       "Full adaptive model":0.2510338390452438,
       "Full adaptive model (non-synonymous subs/site)":0.1712453521286866,
       "Full adaptive model (synonymous subs/site)":0.07978848691655716,
       "LRT":11.90254170079061,
       "Nucleotide GTR":0.1900333682318286,
       "Rate Distributions":        [
[0, 0.6860917751411764],
        [2.415582167860022, 0.3139082248588236] 
        ],